factor,row_variable,col_variable,mean_corr,p_value,stars,n_months
FAC_rank_vol_m3_n6_pairwise1,FAC_rank_vol_m3_n6_pairwise1,FAC_rank_vol_m3_n6_pairwise1,1.0,,,153
FAC_rank_vol_m3_n6_pairwise1,FAC_rank_vol_m3_n6_pairwise1,CtrlRetSTR,-0.016829915930837044,0.14451125259904685,,153
FAC_rank_vol_m3_n6_pairwise1,FAC_rank_vol_m3_n6_pairwise1,CtrlRetLTM,0.01056558768949573,0.3355655639968722,,153
FAC_rank_vol_m3_n6_pairwise1,FAC_rank_vol_m3_n6_pairwise1,CtrlVol,0.007066260654026298,0.450092639796989,,153
FAC_rank_vol_m3_n6_pairwise1,FAC_rank_vol_m3_n6_pairwise1,as_偏股混合型基金,-0.016125139973544658,0.17891097991092908,,153
FAC_rank_vol_m3_n6_pairwise1,FAC_rank_vol_m3_n6_pairwise1,Ctrl_log_fund_size,0.013339177598272866,0.06271149485999591,*,153
FAC_rank_vol_m3_n6_pairwise1,FAC_rank_vol_m3_n6_pairwise1,Ctrl_fund_age,0.014187712605635143,0.056616036478570754,*,153
FAC_rank_vol_m3_n6_pairwise1,CtrlRetSTR,FAC_rank_vol_m3_n6_pairwise1,-0.016829915930837044,0.14451125259904685,,153
FAC_rank_vol_m3_n6_pairwise1,CtrlRetSTR,CtrlRetSTR,1.0,,,153
FAC_rank_vol_m3_n6_pairwise1,CtrlRetSTR,CtrlRetLTM,0.3014117043843382,8.735054268969502e-32,***,153
FAC_rank_vol_m3_n6_pairwise1,CtrlRetSTR,CtrlVol,-0.011421970817433416,0.29238171470533664,,153
FAC_rank_vol_m3_n6_pairwise1,CtrlRetSTR,as_偏股混合型基金,-0.0031371474707509684,0.6830679617619275,,153
FAC_rank_vol_m3_n6_pairwise1,CtrlRetSTR,Ctrl_log_fund_size,0.03847001412557572,2.491170404568547e-06,***,153
FAC_rank_vol_m3_n6_pairwise1,CtrlRetSTR,Ctrl_fund_age,-0.01912003516726006,0.027214271561790536,**,153
FAC_rank_vol_m3_n6_pairwise1,CtrlRetLTM,FAC_rank_vol_m3_n6_pairwise1,0.01056558768949573,0.3355655639968722,,153
FAC_rank_vol_m3_n6_pairwise1,CtrlRetLTM,CtrlRetSTR,0.3014117043843382,8.735054268969502e-32,***,153
FAC_rank_vol_m3_n6_pairwise1,CtrlRetLTM,CtrlRetLTM,1.0,,,153
FAC_rank_vol_m3_n6_pairwise1,CtrlRetLTM,CtrlVol,0.14498228510221944,2.3201698767673752e-11,***,153
FAC_rank_vol_m3_n6_pairwise1,CtrlRetLTM,as_偏股混合型基金,-0.023393680709310815,0.0008383797755262259,***,153
FAC_rank_vol_m3_n6_pairwise1,CtrlRetLTM,Ctrl_log_fund_size,0.14176411600663638,1.2852209113349176e-46,***,153
FAC_rank_vol_m3_n6_pairwise1,CtrlRetLTM,Ctrl_fund_age,-0.06531009211004313,1.3132933060132889e-11,***,153
FAC_rank_vol_m3_n6_pairwise1,CtrlVol,FAC_rank_vol_m3_n6_pairwise1,0.007066260654026298,0.450092639796989,,153
FAC_rank_vol_m3_n6_pairwise1,CtrlVol,CtrlRetSTR,-0.011421970817433416,0.29238171470533664,,153
FAC_rank_vol_m3_n6_pairwise1,CtrlVol,CtrlRetLTM,0.14498228510221944,2.3201698767673752e-11,***,153
FAC_rank_vol_m3_n6_pairwise1,CtrlVol,CtrlVol,1.0,,,153
FAC_rank_vol_m3_n6_pairwise1,CtrlVol,as_偏股混合型基金,0.18179214497475035,1.2274535566429706e-29,***,153
FAC_rank_vol_m3_n6_pairwise1,CtrlVol,Ctrl_log_fund_size,0.8656726580280483,1.1224464583299999e-194,***,153
FAC_rank_vol_m3_n6_pairwise1,CtrlVol,Ctrl_fund_age,0.6453504415238551,8.493928304362523e-161,***,153
FAC_rank_vol_m3_n6_pairwise1,as_偏股混合型基金,FAC_rank_vol_m3_n6_pairwise1,-0.016125139973544658,0.17891097991092908,,153
FAC_rank_vol_m3_n6_pairwise1,as_偏股混合型基金,CtrlRetSTR,-0.0031371474707509684,0.6830679617619275,,153
FAC_rank_vol_m3_n6_pairwise1,as_偏股混合型基金,CtrlRetLTM,-0.023393680709310815,0.0008383797755262259,***,153
FAC_rank_vol_m3_n6_pairwise1,as_偏股混合型基金,CtrlVol,0.18179214497475035,1.2274535566429706e-29,***,153
FAC_rank_vol_m3_n6_pairwise1,as_偏股混合型基金,as_偏股混合型基金,1.0,,,153
FAC_rank_vol_m3_n6_pairwise1,as_偏股混合型基金,Ctrl_log_fund_size,0.22551854618595837,3.9354317388436124e-24,***,153
FAC_rank_vol_m3_n6_pairwise1,as_偏股混合型基金,Ctrl_fund_age,0.2643389882792608,2.258172583089471e-25,***,153
FAC_rank_vol_m3_n6_pairwise1,Ctrl_log_fund_size,FAC_rank_vol_m3_n6_pairwise1,0.013339177598272866,0.06271149485999591,*,153
FAC_rank_vol_m3_n6_pairwise1,Ctrl_log_fund_size,CtrlRetSTR,0.03847001412557572,2.491170404568547e-06,***,153
FAC_rank_vol_m3_n6_pairwise1,Ctrl_log_fund_size,CtrlRetLTM,0.14176411600663638,1.2852209113349176e-46,***,153
FAC_rank_vol_m3_n6_pairwise1,Ctrl_log_fund_size,CtrlVol,0.8656726580280483,1.1224464583299999e-194,***,153
FAC_rank_vol_m3_n6_pairwise1,Ctrl_log_fund_size,as_偏股混合型基金,0.22551854618595837,3.9354317388436124e-24,***,153
FAC_rank_vol_m3_n6_pairwise1,Ctrl_log_fund_size,Ctrl_log_fund_size,1.0,,,153
FAC_rank_vol_m3_n6_pairwise1,Ctrl_log_fund_size,Ctrl_fund_age,0.7459480195196045,1.5389091501677322e-175,***,153
FAC_rank_vol_m3_n6_pairwise1,Ctrl_fund_age,FAC_rank_vol_m3_n6_pairwise1,0.014187712605635143,0.056616036478570754,*,153
FAC_rank_vol_m3_n6_pairwise1,Ctrl_fund_age,CtrlRetSTR,-0.01912003516726006,0.027214271561790536,**,153
FAC_rank_vol_m3_n6_pairwise1,Ctrl_fund_age,CtrlRetLTM,-0.06531009211004313,1.3132933060132889e-11,***,153
FAC_rank_vol_m3_n6_pairwise1,Ctrl_fund_age,CtrlVol,0.6453504415238551,8.493928304362523e-161,***,153
FAC_rank_vol_m3_n6_pairwise1,Ctrl_fund_age,as_偏股混合型基金,0.2643389882792608,2.258172583089471e-25,***,153
FAC_rank_vol_m3_n6_pairwise1,Ctrl_fund_age,Ctrl_log_fund_size,0.7459480195196045,1.5389091501677322e-175,***,153
FAC_rank_vol_m3_n6_pairwise1,Ctrl_fund_age,Ctrl_fund_age,1.0,,,153
FAC_rank_vol_m6_n3_pairwise1,FAC_rank_vol_m6_n3_pairwise1,FAC_rank_vol_m6_n3_pairwise1,1.0,,,153
FAC_rank_vol_m6_n3_pairwise1,FAC_rank_vol_m6_n3_pairwise1,CtrlRetSTR,-0.014765563882554575,0.1984523543219954,,153
FAC_rank_vol_m6_n3_pairwise1,FAC_rank_vol_m6_n3_pairwise1,CtrlRetLTM,-0.0239281141697673,0.032298743851875394,**,153
FAC_rank_vol_m6_n3_pairwise1,FAC_rank_vol_m6_n3_pairwise1,CtrlVol,-0.020610670635133534,0.0347308528871098,**,153
FAC_rank_vol_m6_n3_pairwise1,FAC_rank_vol_m6_n3_pairwise1,as_偏股混合型基金,-0.03417276117615991,3.2684250337346726e-05,***,153
FAC_rank_vol_m6_n3_pairwise1,FAC_rank_vol_m6_n3_pairwise1,Ctrl_log_fund_size,0.020168312276488666,0.015685641581032948,**,153
FAC_rank_vol_m6_n3_pairwise1,FAC_rank_vol_m6_n3_pairwise1,Ctrl_fund_age,0.01672007521248916,0.04363516109921892,**,153
FAC_rank_vol_m6_n3_pairwise1,CtrlRetSTR,FAC_rank_vol_m6_n3_pairwise1,-0.014765563882554575,0.1984523543219954,,153
FAC_rank_vol_m6_n3_pairwise1,CtrlRetSTR,CtrlRetSTR,1.0,,,153
FAC_rank_vol_m6_n3_pairwise1,CtrlRetSTR,CtrlRetLTM,0.3014117043843382,8.735054268969502e-32,***,153
FAC_rank_vol_m6_n3_pairwise1,CtrlRetSTR,CtrlVol,-0.011421970817433416,0.29238171470533664,,153
FAC_rank_vol_m6_n3_pairwise1,CtrlRetSTR,as_偏股混合型基金,-0.0031371474707509684,0.6830679617619275,,153
FAC_rank_vol_m6_n3_pairwise1,CtrlRetSTR,Ctrl_log_fund_size,0.03847001412557572,2.491170404568547e-06,***,153
FAC_rank_vol_m6_n3_pairwise1,CtrlRetSTR,Ctrl_fund_age,-0.01912003516726006,0.027214271561790536,**,153
FAC_rank_vol_m6_n3_pairwise1,CtrlRetLTM,FAC_rank_vol_m6_n3_pairwise1,-0.0239281141697673,0.032298743851875394,**,153
FAC_rank_vol_m6_n3_pairwise1,CtrlRetLTM,CtrlRetSTR,0.3014117043843382,8.735054268969502e-32,***,153
FAC_rank_vol_m6_n3_pairwise1,CtrlRetLTM,CtrlRetLTM,1.0,,,153
FAC_rank_vol_m6_n3_pairwise1,CtrlRetLTM,CtrlVol,0.14498228510221944,2.3201698767673752e-11,***,153
FAC_rank_vol_m6_n3_pairwise1,CtrlRetLTM,as_偏股混合型基金,-0.023393680709310815,0.0008383797755262259,***,153
FAC_rank_vol_m6_n3_pairwise1,CtrlRetLTM,Ctrl_log_fund_size,0.14176411600663638,1.2852209113349176e-46,***,153
FAC_rank_vol_m6_n3_pairwise1,CtrlRetLTM,Ctrl_fund_age,-0.06531009211004313,1.3132933060132889e-11,***,153
FAC_rank_vol_m6_n3_pairwise1,CtrlVol,FAC_rank_vol_m6_n3_pairwise1,-0.020610670635133534,0.0347308528871098,**,153
FAC_rank_vol_m6_n3_pairwise1,CtrlVol,CtrlRetSTR,-0.011421970817433416,0.29238171470533664,,153
FAC_rank_vol_m6_n3_pairwise1,CtrlVol,CtrlRetLTM,0.14498228510221944,2.3201698767673752e-11,***,153
FAC_rank_vol_m6_n3_pairwise1,CtrlVol,CtrlVol,1.0,,,153
FAC_rank_vol_m6_n3_pairwise1,CtrlVol,as_偏股混合型基金,0.18179214497475035,1.2274535566429706e-29,***,153
FAC_rank_vol_m6_n3_pairwise1,CtrlVol,Ctrl_log_fund_size,0.8656726580280483,1.1224464583299999e-194,***,153
FAC_rank_vol_m6_n3_pairwise1,CtrlVol,Ctrl_fund_age,0.6453504415238551,8.493928304362523e-161,***,153
FAC_rank_vol_m6_n3_pairwise1,as_偏股混合型基金,FAC_rank_vol_m6_n3_pairwise1,-0.03417276117615991,3.2684250337346726e-05,***,153
FAC_rank_vol_m6_n3_pairwise1,as_偏股混合型基金,CtrlRetSTR,-0.0031371474707509684,0.6830679617619275,,153
FAC_rank_vol_m6_n3_pairwise1,as_偏股混合型基金,CtrlRetLTM,-0.023393680709310815,0.0008383797755262259,***,153
FAC_rank_vol_m6_n3_pairwise1,as_偏股混合型基金,CtrlVol,0.18179214497475035,1.2274535566429706e-29,***,153
FAC_rank_vol_m6_n3_pairwise1,as_偏股混合型基金,as_偏股混合型基金,1.0,,,153
FAC_rank_vol_m6_n3_pairwise1,as_偏股混合型基金,Ctrl_log_fund_size,0.22551854618595837,3.9354317388436124e-24,***,153
FAC_rank_vol_m6_n3_pairwise1,as_偏股混合型基金,Ctrl_fund_age,0.2643389882792608,2.258172583089471e-25,***,153
FAC_rank_vol_m6_n3_pairwise1,Ctrl_log_fund_size,FAC_rank_vol_m6_n3_pairwise1,0.020168312276488666,0.015685641581032948,**,153
FAC_rank_vol_m6_n3_pairwise1,Ctrl_log_fund_size,CtrlRetSTR,0.03847001412557572,2.491170404568547e-06,***,153
FAC_rank_vol_m6_n3_pairwise1,Ctrl_log_fund_size,CtrlRetLTM,0.14176411600663638,1.2852209113349176e-46,***,153
FAC_rank_vol_m6_n3_pairwise1,Ctrl_log_fund_size,CtrlVol,0.8656726580280483,1.1224464583299999e-194,***,153
FAC_rank_vol_m6_n3_pairwise1,Ctrl_log_fund_size,as_偏股混合型基金,0.22551854618595837,3.9354317388436124e-24,***,153
FAC_rank_vol_m6_n3_pairwise1,Ctrl_log_fund_size,Ctrl_log_fund_size,1.0,,,153
FAC_rank_vol_m6_n3_pairwise1,Ctrl_log_fund_size,Ctrl_fund_age,0.7459480195196045,1.5389091501677322e-175,***,153
FAC_rank_vol_m6_n3_pairwise1,Ctrl_fund_age,FAC_rank_vol_m6_n3_pairwise1,0.01672007521248916,0.04363516109921892,**,153
FAC_rank_vol_m6_n3_pairwise1,Ctrl_fund_age,CtrlRetSTR,-0.01912003516726006,0.027214271561790536,**,153
FAC_rank_vol_m6_n3_pairwise1,Ctrl_fund_age,CtrlRetLTM,-0.06531009211004313,1.3132933060132889e-11,***,153
FAC_rank_vol_m6_n3_pairwise1,Ctrl_fund_age,CtrlVol,0.6453504415238551,8.493928304362523e-161,***,153
FAC_rank_vol_m6_n3_pairwise1,Ctrl_fund_age,as_偏股混合型基金,0.2643389882792608,2.258172583089471e-25,***,153
FAC_rank_vol_m6_n3_pairwise1,Ctrl_fund_age,Ctrl_log_fund_size,0.7459480195196045,1.5389091501677322e-175,***,153
FAC_rank_vol_m6_n3_pairwise1,Ctrl_fund_age,Ctrl_fund_age,1.0,,,153
FAC_rank_vol_m6_n6_pairwise1,FAC_rank_vol_m6_n6_pairwise1,FAC_rank_vol_m6_n6_pairwise1,1.0,,,145
FAC_rank_vol_m6_n6_pairwise1,FAC_rank_vol_m6_n6_pairwise1,CtrlRetSTR,0.0014323227487031214,0.9021813623662164,,145
FAC_rank_vol_m6_n6_pairwise1,FAC_rank_vol_m6_n6_pairwise1,CtrlRetLTM,-0.0008543590372092345,0.9334998521298824,,145
FAC_rank_vol_m6_n6_pairwise1,FAC_rank_vol_m6_n6_pairwise1,CtrlVol,0.006132006076101463,0.5528029144904979,,145
FAC_rank_vol_m6_n6_pairwise1,FAC_rank_vol_m6_n6_pairwise1,as_偏股混合型基金,-0.019896245343881538,0.06662556334670866,*,144
FAC_rank_vol_m6_n6_pairwise1,FAC_rank_vol_m6_n6_pairwise1,Ctrl_log_fund_size,0.018355277925303358,0.050024087673481196,*,145
FAC_rank_vol_m6_n6_pairwise1,FAC_rank_vol_m6_n6_pairwise1,Ctrl_fund_age,0.026056724209957405,0.007654052966196646,***,145
FAC_rank_vol_m6_n6_pairwise1,CtrlRetSTR,FAC_rank_vol_m6_n6_pairwise1,0.0014323227487031214,0.9021813623662164,,145
FAC_rank_vol_m6_n6_pairwise1,CtrlRetSTR,CtrlRetSTR,1.0,,,145
FAC_rank_vol_m6_n6_pairwise1,CtrlRetSTR,CtrlRetLTM,0.3003903057785797,7.438972059298882e-30,***,145
FAC_rank_vol_m6_n6_pairwise1,CtrlRetSTR,CtrlVol,-0.013228645786595987,0.22871002248768185,,145
FAC_rank_vol_m6_n6_pairwise1,CtrlRetSTR,as_偏股混合型基金,-0.006921632378876438,0.3638864515953214,,144
FAC_rank_vol_m6_n6_pairwise1,CtrlRetSTR,Ctrl_log_fund_size,0.03865342462915019,6.263652498738651e-06,***,145
FAC_rank_vol_m6_n6_pairwise1,CtrlRetSTR,Ctrl_fund_age,-0.01706647439637487,0.050891296582027276,*,145
FAC_rank_vol_m6_n6_pairwise1,CtrlRetLTM,FAC_rank_vol_m6_n6_pairwise1,-0.0008543590372092345,0.9334998521298824,,145
FAC_rank_vol_m6_n6_pairwise1,CtrlRetLTM,CtrlRetSTR,0.3003903057785797,7.438972059298882e-30,***,145
FAC_rank_vol_m6_n6_pairwise1,CtrlRetLTM,CtrlRetLTM,1.0,,,145
FAC_rank_vol_m6_n6_pairwise1,CtrlRetLTM,CtrlVol,0.13003269627305372,2.449290559035589e-09,***,145
FAC_rank_vol_m6_n6_pairwise1,CtrlRetLTM,as_偏股混合型基金,-0.018253567770595263,0.016653641243988836,**,144
FAC_rank_vol_m6_n6_pairwise1,CtrlRetLTM,Ctrl_log_fund_size,0.12990472618055363,3.054845673545525e-42,***,145
FAC_rank_vol_m6_n6_pairwise1,CtrlRetLTM,Ctrl_fund_age,-0.0594420598054701,3.999337698018216e-10,***,145
FAC_rank_vol_m6_n6_pairwise1,CtrlVol,FAC_rank_vol_m6_n6_pairwise1,0.006132006076101463,0.5528029144904979,,145
FAC_rank_vol_m6_n6_pairwise1,CtrlVol,CtrlRetSTR,-0.013228645786595987,0.22871002248768185,,145
FAC_rank_vol_m6_n6_pairwise1,CtrlVol,CtrlRetLTM,0.13003269627305372,2.449290559035589e-09,***,145
FAC_rank_vol_m6_n6_pairwise1,CtrlVol,CtrlVol,1.0,,,145
FAC_rank_vol_m6_n6_pairwise1,CtrlVol,as_偏股混合型基金,0.19736242271099183,1.2806985639702902e-32,***,144
FAC_rank_vol_m6_n6_pairwise1,CtrlVol,Ctrl_log_fund_size,0.8644467331680763,1.136529716356822e-183,***,145
FAC_rank_vol_m6_n6_pairwise1,CtrlVol,Ctrl_fund_age,0.6462264091171662,1.3489397689013061e-155,***,145
FAC_rank_vol_m6_n6_pairwise1,as_偏股混合型基金,FAC_rank_vol_m6_n6_pairwise1,-0.019896245343881538,0.06662556334670866,*,144
FAC_rank_vol_m6_n6_pairwise1,as_偏股混合型基金,CtrlRetSTR,-0.006921632378876438,0.3638864515953214,,144
FAC_rank_vol_m6_n6_pairwise1,as_偏股混合型基金,CtrlRetLTM,-0.018253567770595263,0.016653641243988836,**,144
FAC_rank_vol_m6_n6_pairwise1,as_偏股混合型基金,CtrlVol,0.19736242271099183,1.2806985639702902e-32,***,144
FAC_rank_vol_m6_n6_pairwise1,as_偏股混合型基金,as_偏股混合型基金,1.0,,,144
FAC_rank_vol_m6_n6_pairwise1,as_偏股混合型基金,Ctrl_log_fund_size,0.24286735535428491,2.9381882990909315e-25,***,144
FAC_rank_vol_m6_n6_pairwise1,as_偏股混合型基金,Ctrl_fund_age,0.28313333840866384,3.647753132002632e-27,***,144
FAC_rank_vol_m6_n6_pairwise1,Ctrl_log_fund_size,FAC_rank_vol_m6_n6_pairwise1,0.018355277925303358,0.050024087673481196,*,145
FAC_rank_vol_m6_n6_pairwise1,Ctrl_log_fund_size,CtrlRetSTR,0.03865342462915019,6.263652498738651e-06,***,145
FAC_rank_vol_m6_n6_pairwise1,Ctrl_log_fund_size,CtrlRetLTM,0.12990472618055363,3.054845673545525e-42,***,145
FAC_rank_vol_m6_n6_pairwise1,Ctrl_log_fund_size,CtrlVol,0.8644467331680763,1.136529716356822e-183,***,145
FAC_rank_vol_m6_n6_pairwise1,Ctrl_log_fund_size,as_偏股混合型基金,0.24286735535428491,2.9381882990909315e-25,***,144
FAC_rank_vol_m6_n6_pairwise1,Ctrl_log_fund_size,Ctrl_log_fund_size,1.0,,,145
FAC_rank_vol_m6_n6_pairwise1,Ctrl_log_fund_size,Ctrl_fund_age,0.7450640491356048,9.137007052595877e-167,***,145
FAC_rank_vol_m6_n6_pairwise1,Ctrl_fund_age,FAC_rank_vol_m6_n6_pairwise1,0.026056724209957405,0.007654052966196646,***,145
FAC_rank_vol_m6_n6_pairwise1,Ctrl_fund_age,CtrlRetSTR,-0.01706647439637487,0.050891296582027276,*,145
FAC_rank_vol_m6_n6_pairwise1,Ctrl_fund_age,CtrlRetLTM,-0.0594420598054701,3.999337698018216e-10,***,145
FAC_rank_vol_m6_n6_pairwise1,Ctrl_fund_age,CtrlVol,0.6462264091171662,1.3489397689013061e-155,***,145
FAC_rank_vol_m6_n6_pairwise1,Ctrl_fund_age,as_偏股混合型基金,0.28313333840866384,3.647753132002632e-27,***,144
FAC_rank_vol_m6_n6_pairwise1,Ctrl_fund_age,Ctrl_log_fund_size,0.7450640491356048,9.137007052595877e-167,***,145
FAC_rank_vol_m6_n6_pairwise1,Ctrl_fund_age,Ctrl_fund_age,1.0,,,145
FAC_rank_vol_m6_n12_pairwise1,FAC_rank_vol_m6_n12_pairwise1,FAC_rank_vol_m6_n12_pairwise1,1.0,,,115
FAC_rank_vol_m6_n12_pairwise1,FAC_rank_vol_m6_n12_pairwise1,CtrlRetSTR,-0.018503528458901266,0.14316228841211676,,115
FAC_rank_vol_m6_n12_pairwise1,FAC_rank_vol_m6_n12_pairwise1,CtrlRetLTM,0.030330182818853683,0.019214288092300604,**,115
FAC_rank_vol_m6_n12_pairwise1,FAC_rank_vol_m6_n12_pairwise1,CtrlVol,0.03791538123351174,0.004823580135965595,***,115
FAC_rank_vol_m6_n12_pairwise1,FAC_rank_vol_m6_n12_pairwise1,as_偏股混合型基金,-0.024643489611971377,0.08372170380175961,*,108
FAC_rank_vol_m6_n12_pairwise1,FAC_rank_vol_m6_n12_pairwise1,Ctrl_log_fund_size,0.010063703631725918,0.3569689682822029,,115
FAC_rank_vol_m6_n12_pairwise1,FAC_rank_vol_m6_n12_pairwise1,Ctrl_fund_age,0.01642443715387021,0.11821646205252714,,115
FAC_rank_vol_m6_n12_pairwise1,CtrlRetSTR,FAC_rank_vol_m6_n12_pairwise1,-0.018503528458901266,0.14316228841211676,,115
FAC_rank_vol_m6_n12_pairwise1,CtrlRetSTR,CtrlRetSTR,1.0,,,115
FAC_rank_vol_m6_n12_pairwise1,CtrlRetSTR,CtrlRetLTM,0.303304151408657,7.122780018332766e-24,***,115
FAC_rank_vol_m6_n12_pairwise1,CtrlRetSTR,CtrlVol,-0.013297620216842667,0.29697953004974054,,115
FAC_rank_vol_m6_n12_pairwise1,CtrlRetSTR,as_偏股混合型基金,-0.000683179984525104,0.9327582047278745,,108
FAC_rank_vol_m6_n12_pairwise1,CtrlRetSTR,Ctrl_log_fund_size,0.038580353030665565,0.00011317974338943255,***,115
FAC_rank_vol_m6_n12_pairwise1,CtrlRetSTR,Ctrl_fund_age,-0.009948006441703757,0.27306800621415084,,115
FAC_rank_vol_m6_n12_pairwise1,CtrlRetLTM,FAC_rank_vol_m6_n12_pairwise1,0.030330182818853683,0.019214288092300604,**,115
FAC_rank_vol_m6_n12_pairwise1,CtrlRetLTM,CtrlRetSTR,0.303304151408657,7.122780018332766e-24,***,115
FAC_rank_vol_m6_n12_pairwise1,CtrlRetLTM,CtrlRetLTM,1.0,,,115
FAC_rank_vol_m6_n12_pairwise1,CtrlRetLTM,CtrlVol,0.14533629555803249,6.770676944580333e-09,***,115
FAC_rank_vol_m6_n12_pairwise1,CtrlRetLTM,as_偏股混合型基金,0.004954545909988462,0.5413515393940757,,108
FAC_rank_vol_m6_n12_pairwise1,CtrlRetLTM,Ctrl_log_fund_size,0.101263749761682,3.774409743469033e-23,***,115
FAC_rank_vol_m6_n12_pairwise1,CtrlRetLTM,Ctrl_fund_age,-0.06278255415029818,4.192047015670686e-10,***,115
FAC_rank_vol_m6_n12_pairwise1,CtrlVol,FAC_rank_vol_m6_n12_pairwise1,0.03791538123351174,0.004823580135965595,***,115
FAC_rank_vol_m6_n12_pairwise1,CtrlVol,CtrlRetSTR,-0.013297620216842667,0.29697953004974054,,115
FAC_rank_vol_m6_n12_pairwise1,CtrlVol,CtrlRetLTM,0.14533629555803249,6.770676944580333e-09,***,115
FAC_rank_vol_m6_n12_pairwise1,CtrlVol,CtrlVol,1.0,,,115
FAC_rank_vol_m6_n12_pairwise1,CtrlVol,as_偏股混合型基金,0.2606149043414219,2.0628021590423413e-43,***,108
FAC_rank_vol_m6_n12_pairwise1,CtrlVol,Ctrl_log_fund_size,0.8587410618785758,1.6861273415673177e-138,***,115
FAC_rank_vol_m6_n12_pairwise1,CtrlVol,Ctrl_fund_age,0.6404954391458684,8.240258742305833e-118,***,115
FAC_rank_vol_m6_n12_pairwise1,as_偏股混合型基金,FAC_rank_vol_m6_n12_pairwise1,-0.024643489611971377,0.08372170380175961,*,108
FAC_rank_vol_m6_n12_pairwise1,as_偏股混合型基金,CtrlRetSTR,-0.000683179984525104,0.9327582047278745,,108
FAC_rank_vol_m6_n12_pairwise1,as_偏股混合型基金,CtrlRetLTM,0.004954545909988462,0.5413515393940757,,108
FAC_rank_vol_m6_n12_pairwise1,as_偏股混合型基金,CtrlVol,0.2606149043414219,2.0628021590423413e-43,***,108
FAC_rank_vol_m6_n12_pairwise1,as_偏股混合型基金,as_偏股混合型基金,1.0,,,108
FAC_rank_vol_m6_n12_pairwise1,as_偏股混合型基金,Ctrl_log_fund_size,0.34032497349655133,3.885887999201232e-40,***,108
FAC_rank_vol_m6_n12_pairwise1,as_偏股混合型基金,Ctrl_fund_age,0.37769466560613146,6.191985361602705e-36,***,108
FAC_rank_vol_m6_n12_pairwise1,Ctrl_log_fund_size,FAC_rank_vol_m6_n12_pairwise1,0.010063703631725918,0.3569689682822029,,115
FAC_rank_vol_m6_n12_pairwise1,Ctrl_log_fund_size,CtrlRetSTR,0.038580353030665565,0.00011317974338943255,***,115
FAC_rank_vol_m6_n12_pairwise1,Ctrl_log_fund_size,CtrlRetLTM,0.101263749761682,3.774409743469033e-23,***,115
FAC_rank_vol_m6_n12_pairwise1,Ctrl_log_fund_size,CtrlVol,0.8587410618785758,1.6861273415673177e-138,***,115
FAC_rank_vol_m6_n12_pairwise1,Ctrl_log_fund_size,as_偏股混合型基金,0.34032497349655133,3.885887999201232e-40,***,108
FAC_rank_vol_m6_n12_pairwise1,Ctrl_log_fund_size,Ctrl_log_fund_size,1.0,,,115
FAC_rank_vol_m6_n12_pairwise1,Ctrl_log_fund_size,Ctrl_fund_age,0.7481125084892218,7.066957729077053e-140,***,115
FAC_rank_vol_m6_n12_pairwise1,Ctrl_fund_age,FAC_rank_vol_m6_n12_pairwise1,0.01642443715387021,0.11821646205252714,,115
FAC_rank_vol_m6_n12_pairwise1,Ctrl_fund_age,CtrlRetSTR,-0.009948006441703757,0.27306800621415084,,115
FAC_rank_vol_m6_n12_pairwise1,Ctrl_fund_age,CtrlRetLTM,-0.06278255415029818,4.192047015670686e-10,***,115
FAC_rank_vol_m6_n12_pairwise1,Ctrl_fund_age,CtrlVol,0.6404954391458684,8.240258742305833e-118,***,115
FAC_rank_vol_m6_n12_pairwise1,Ctrl_fund_age,as_偏股混合型基金,0.37769466560613146,6.191985361602705e-36,***,108
FAC_rank_vol_m6_n12_pairwise1,Ctrl_fund_age,Ctrl_log_fund_size,0.7481125084892218,7.066957729077053e-140,***,115
FAC_rank_vol_m6_n12_pairwise1,Ctrl_fund_age,Ctrl_fund_age,1.0,,,115
FAC_rank_vol_m12_n6_pairwise1,FAC_rank_vol_m12_n6_pairwise1,FAC_rank_vol_m12_n6_pairwise1,1.0,,,115
FAC_rank_vol_m12_n6_pairwise1,FAC_rank_vol_m12_n6_pairwise1,CtrlRetSTR,0.00302096883404601,0.8086388838141528,,115
FAC_rank_vol_m12_n6_pairwise1,FAC_rank_vol_m12_n6_pairwise1,CtrlRetLTM,-0.0066933398229185774,0.562860300029784,,115
FAC_rank_vol_m12_n6_pairwise1,FAC_rank_vol_m12_n6_pairwise1,CtrlVol,-0.012833775340185902,0.3577095624703457,,115
FAC_rank_vol_m12_n6_pairwise1,FAC_rank_vol_m12_n6_pairwise1,as_偏股混合型基金,-0.024533562395685226,0.002231881605584446,***,108
FAC_rank_vol_m12_n6_pairwise1,FAC_rank_vol_m12_n6_pairwise1,Ctrl_log_fund_size,0.01792949378615057,0.16565820333294287,,115
FAC_rank_vol_m12_n6_pairwise1,FAC_rank_vol_m12_n6_pairwise1,Ctrl_fund_age,0.04737934303816035,0.0003392142515428883,***,115
FAC_rank_vol_m12_n6_pairwise1,CtrlRetSTR,FAC_rank_vol_m12_n6_pairwise1,0.00302096883404601,0.8086388838141528,,115
FAC_rank_vol_m12_n6_pairwise1,CtrlRetSTR,CtrlRetSTR,1.0,,,115
FAC_rank_vol_m12_n6_pairwise1,CtrlRetSTR,CtrlRetLTM,0.303304151408657,7.122780018332766e-24,***,115
FAC_rank_vol_m12_n6_pairwise1,CtrlRetSTR,CtrlVol,-0.013297620216842667,0.29697953004974054,,115
FAC_rank_vol_m12_n6_pairwise1,CtrlRetSTR,as_偏股混合型基金,-0.000683179984525104,0.9327582047278745,,108
FAC_rank_vol_m12_n6_pairwise1,CtrlRetSTR,Ctrl_log_fund_size,0.038580353030665565,0.00011317974338943255,***,115
FAC_rank_vol_m12_n6_pairwise1,CtrlRetSTR,Ctrl_fund_age,-0.009948006441703757,0.27306800621415084,,115
FAC_rank_vol_m12_n6_pairwise1,CtrlRetLTM,FAC_rank_vol_m12_n6_pairwise1,-0.0066933398229185774,0.562860300029784,,115
FAC_rank_vol_m12_n6_pairwise1,CtrlRetLTM,CtrlRetSTR,0.303304151408657,7.122780018332766e-24,***,115
FAC_rank_vol_m12_n6_pairwise1,CtrlRetLTM,CtrlRetLTM,1.0,,,115
FAC_rank_vol_m12_n6_pairwise1,CtrlRetLTM,CtrlVol,0.14533629555803249,6.770676944580333e-09,***,115
FAC_rank_vol_m12_n6_pairwise1,CtrlRetLTM,as_偏股混合型基金,0.004954545909988462,0.5413515393940757,,108
FAC_rank_vol_m12_n6_pairwise1,CtrlRetLTM,Ctrl_log_fund_size,0.101263749761682,3.774409743469033e-23,***,115
FAC_rank_vol_m12_n6_pairwise1,CtrlRetLTM,Ctrl_fund_age,-0.06278255415029818,4.192047015670686e-10,***,115
FAC_rank_vol_m12_n6_pairwise1,CtrlVol,FAC_rank_vol_m12_n6_pairwise1,-0.012833775340185902,0.3577095624703457,,115
FAC_rank_vol_m12_n6_pairwise1,CtrlVol,CtrlRetSTR,-0.013297620216842667,0.29697953004974054,,115
FAC_rank_vol_m12_n6_pairwise1,CtrlVol,CtrlRetLTM,0.14533629555803249,6.770676944580333e-09,***,115
FAC_rank_vol_m12_n6_pairwise1,CtrlVol,CtrlVol,1.0,,,115
FAC_rank_vol_m12_n6_pairwise1,CtrlVol,as_偏股混合型基金,0.2606149043414219,2.0628021590423413e-43,***,108
FAC_rank_vol_m12_n6_pairwise1,CtrlVol,Ctrl_log_fund_size,0.8587410618785758,1.6861273415673177e-138,***,115
FAC_rank_vol_m12_n6_pairwise1,CtrlVol,Ctrl_fund_age,0.6404954391458684,8.240258742305833e-118,***,115
FAC_rank_vol_m12_n6_pairwise1,as_偏股混合型基金,FAC_rank_vol_m12_n6_pairwise1,-0.024533562395685226,0.002231881605584446,***,108
FAC_rank_vol_m12_n6_pairwise1,as_偏股混合型基金,CtrlRetSTR,-0.000683179984525104,0.9327582047278745,,108
FAC_rank_vol_m12_n6_pairwise1,as_偏股混合型基金,CtrlRetLTM,0.004954545909988462,0.5413515393940757,,108
FAC_rank_vol_m12_n6_pairwise1,as_偏股混合型基金,CtrlVol,0.2606149043414219,2.0628021590423413e-43,***,108
FAC_rank_vol_m12_n6_pairwise1,as_偏股混合型基金,as_偏股混合型基金,1.0,,,108
FAC_rank_vol_m12_n6_pairwise1,as_偏股混合型基金,Ctrl_log_fund_size,0.34032497349655133,3.885887999201232e-40,***,108
FAC_rank_vol_m12_n6_pairwise1,as_偏股混合型基金,Ctrl_fund_age,0.37769466560613146,6.191985361602705e-36,***,108
FAC_rank_vol_m12_n6_pairwise1,Ctrl_log_fund_size,FAC_rank_vol_m12_n6_pairwise1,0.01792949378615057,0.16565820333294287,,115
FAC_rank_vol_m12_n6_pairwise1,Ctrl_log_fund_size,CtrlRetSTR,0.038580353030665565,0.00011317974338943255,***,115
FAC_rank_vol_m12_n6_pairwise1,Ctrl_log_fund_size,CtrlRetLTM,0.101263749761682,3.774409743469033e-23,***,115
FAC_rank_vol_m12_n6_pairwise1,Ctrl_log_fund_size,CtrlVol,0.8587410618785758,1.6861273415673177e-138,***,115
FAC_rank_vol_m12_n6_pairwise1,Ctrl_log_fund_size,as_偏股混合型基金,0.34032497349655133,3.885887999201232e-40,***,108
FAC_rank_vol_m12_n6_pairwise1,Ctrl_log_fund_size,Ctrl_log_fund_size,1.0,,,115
FAC_rank_vol_m12_n6_pairwise1,Ctrl_log_fund_size,Ctrl_fund_age,0.7481125084892218,7.066957729077053e-140,***,115
FAC_rank_vol_m12_n6_pairwise1,Ctrl_fund_age,FAC_rank_vol_m12_n6_pairwise1,0.04737934303816035,0.0003392142515428883,***,115
FAC_rank_vol_m12_n6_pairwise1,Ctrl_fund_age,CtrlRetSTR,-0.009948006441703757,0.27306800621415084,,115
FAC_rank_vol_m12_n6_pairwise1,Ctrl_fund_age,CtrlRetLTM,-0.06278255415029818,4.192047015670686e-10,***,115
FAC_rank_vol_m12_n6_pairwise1,Ctrl_fund_age,CtrlVol,0.6404954391458684,8.240258742305833e-118,***,115
FAC_rank_vol_m12_n6_pairwise1,Ctrl_fund_age,as_偏股混合型基金,0.37769466560613146,6.191985361602705e-36,***,108
FAC_rank_vol_m12_n6_pairwise1,Ctrl_fund_age,Ctrl_log_fund_size,0.7481125084892218,7.066957729077053e-140,***,115
FAC_rank_vol_m12_n6_pairwise1,Ctrl_fund_age,Ctrl_fund_age,1.0,,,115
